{
  "quantization": {
    "rf": {
      "original_size_mb": 3.668905258178711,
      "quantized_size_mb": 3.668956756591797,
      "reduction_percent": -0.0014036452146370948,
      "status": "success"
    },
    "xgb": {
      "status": "failed",
      "error": "Failed to find proper ai.onnx domain"
    },
    "lgbm": {
      "original_size_mb": 0.2697610855102539,
      "quantized_size_mb": 0.2698345184326172,
      "reduction_percent": -0.027221466070392886,
      "status": "success"
    },
    "ae": {
      "status": "failed",
      "error": "[ShapeInferenceError] Inferred shape and existing shape differ in dimension 0: (2381) vs (512)"
    }
  },
  "benchmark": {
    "rf": {
      "1": {
        "mean_ms": 0.07301000587176532,
        "std_ms": 0.029975672410158884,
        "p50_ms": 0.06175000453367829,
        "p95_ms": 0.12415501114446661,
        "p99_ms": 0.15371100569609553
      },
      "8": {
        "mean_ms": 0.30551999516319484,
        "std_ms": 0.056333057575600955,
        "p50_ms": 0.28654999914579093,
        "p95_ms": 0.4101849932339974,
        "p99_ms": 0.4118769956403412
      },
      "16": {
        "mean_ms": 0.8281399990664795,
        "std_ms": 0.8317998802163602,
        "p50_ms": 0.5602500023087487,
        "p95_ms": 2.144530002260578,
        "p99_ms": 3.0807460064534102
      },
      "32": {
        "mean_ms": 2.4043799989158288,
        "std_ms": 1.1932951264755944,
        "p50_ms": 2.856049992260523,
        "p95_ms": 3.8268350050202566,
        "p99_ms": 3.9512869992177
      },
      "64": {
        "mean_ms": 3.684299997985363,
        "std_ms": 1.175641507840457,
        "p50_ms": 3.9630999963264912,
        "p95_ms": 4.776619996118825,
        "p99_ms": 4.812763988447841
      },
      "128": {
        "mean_ms": 5.656349996570498,
        "std_ms": 1.7587524080438879,
        "p50_ms": 5.408049997640774,
        "p95_ms": 8.457899997301865,
        "p99_ms": 8.744459989538882
      }
    },
    "xgb": {
      "1": {
        "mean_ms": 0.0641299964627251,
        "std_ms": 0.010389611866081283,
        "p50_ms": 0.060699996538460255,
        "p95_ms": 0.08304999646497888,
        "p99_ms": 0.09132998617133126
      },
      "8": {
        "mean_ms": 1.298190001398325,
        "std_ms": 2.313990933178458,
        "p50_ms": 0.1465499954065308,
        "p95_ms": 5.943995009874924,
        "p99_ms": 6.103439008584246
      },
      "16": {
        "mean_ms": 0.22612999891862273,
        "std_ms": 0.02661465413654653,
        "p50_ms": 0.22185000125318766,
        "p95_ms": 0.2654649913893081,
        "p99_ms": 0.27277299464913085
      },
      "32": {
        "mean_ms": 0.4356499994173646,
        "std_ms": 0.02609648551747962,
        "p50_ms": 0.4294499958632514,
        "p95_ms": 0.47412499989150086,
        "p99_ms": 0.48834499291842803
      },
      "64": {
        "mean_ms": 3.691979995346628,
        "std_ms": 2.661699479173114,
        "p50_ms": 1.6602999967290089,
        "p95_ms": 7.719434997125063,
        "p99_ms": 7.810767011542339
      },
      "128": {
        "mean_ms": 8.685229998081923,
        "std_ms": 3.2026929001496627,
        "p50_ms": 8.157899996149354,
        "p95_ms": 14.124210011505054,
        "p99_ms": 14.852922017744277
      }
    },
    "lgbm": {
      "1": {
        "mean_ms": 0.08598000276833773,
        "std_ms": 0.027109620162088545,
        "p50_ms": 0.07690001802984625,
        "p95_ms": 0.13103499513817943,
        "p99_ms": 0.15756699809571728
      },
      "8": {
        "mean_ms": 142.94589999772143,
        "std_ms": 31.180952473036452,
        "p50_ms": 153.68829999351874,
        "p95_ms": 173.20880499173654,
        "p99_ms": 175.0732809919282
      },
      "16": {
        "mean_ms": 9.944760001963004,
        "std_ms": 25.169369069252237,
        "p50_ms": 1.4668500080006197,
        "p95_ms": 48.24001000524723,
        "p99_ms": 78.00200201250847
      },
      "32": {
        "mean_ms": 1.4384199981577694,
        "std_ms": 0.09678852018825446,
        "p50_ms": 1.4170499925967306,
        "p95_ms": 1.5961500001139939,
        "p99_ms": 1.612349997740239
      },
      "64": {
        "mean_ms": 30.9186599944951,
        "std_ms": 16.38520332994247,
        "p50_ms": 32.39199999370612,
        "p95_ms": 50.67533000401454,
        "p99_ms": 51.10754601570079
      },
      "128": {
        "mean_ms": 41.71718000434339,
        "std_ms": 7.317950643699418,
        "p50_ms": 44.79955001443159,
        "p95_ms": 50.03041499730898,
        "p99_ms": 50.72352300485363
      }
    },
    "ae": {
      "1": {
        "mean_ms": 3.643139998894185,
        "std_ms": 3.0858387016260056,
        "p50_ms": 2.975199997308664,
        "p95_ms": 7.565124993561766,
        "p99_ms": 7.772304999525659
      },
      "8": {
        "mean_ms": 8.77201999828685,
        "std_ms": 3.346515376917466,
        "p50_ms": 8.201200005714782,
        "p95_ms": 14.158324990421532,
        "p99_ms": 14.532544990070164
      },
      "16": {
        "mean_ms": 12.457660006475635,
        "std_ms": 2.911306915814269,
        "p50_ms": 12.49804999679327,
        "p95_ms": 16.296765019069422,
        "p99_ms": 16.987353017902933
      },
      "32": {
        "mean_ms": 27.615660001174547,
        "std_ms": 6.607192972733961,
        "p50_ms": 24.116399988997728,
        "p95_ms": 39.994689996819936,
        "p99_ms": 41.36909798486158
      },
      "64": {
        "mean_ms": 31.658000001334585,
        "std_ms": 8.475959059578184,
        "p50_ms": 30.785349998041056,
        "p95_ms": 44.710414994915475,
        "p99_ms": 46.810402986302506
      },
      "128": {
        "mean_ms": 29.748229996766895,
        "std_ms": 7.41548685329213,
        "p50_ms": 28.17860001232475,
        "p95_ms": 42.31972999550633,
        "p99_ms": 48.48098600312369
      }
    }
  }
}