{
  "rf": {
    "name": "rf",
    "accuracy": 0.86,
    "precision": 0.9070996978851964,
    "recall": 0.80173564753004,
    "f1": 0.851169383416017,
    "roc_auc": 0.9350607734413747,
    "pr_auc": 0.9296618917526859,
    "confusion_matrix": [
      [
        1379,
        123
      ],
      [
        297,
        1201
      ]
    ],
    "classification_report": {
      "0": {
        "precision": 0.8227923627684964,
        "recall": 0.9181091877496671,
        "f1-score": 0.8678414096916299,
        "support": 1502.0
      },
      "1": {
        "precision": 0.9070996978851964,
        "recall": 0.80173564753004,
        "f1-score": 0.851169383416017,
        "support": 1498.0
      },
      "accuracy": 0.86,
      "macro avg": {
        "precision": 0.8649460303268464,
        "recall": 0.8599224176398536,
        "f1-score": 0.8595053965538235,
        "support": 3000.0
      },
      "weighted avg": {
        "precision": 0.8648898254367686,
        "recall": 0.86,
        "f1-score": 0.8595165112380073,
        "support": 3000.0
      }
    }
  },
  "xgb": {
    "name": "xgb",
    "accuracy": 0.891,
    "precision": 0.9149539333805812,
    "recall": 0.8618157543391188,
    "f1": 0.8875902371949124,
    "roc_auc": 0.9479721297282305,
    "pr_auc": 0.9424472239645889,
    "confusion_matrix": [
      [
        1382,
        120
      ],
      [
        207,
        1291
      ]
    ],
    "classification_report": {
      "0": {
        "precision": 0.8697293895531781,
        "recall": 0.9201065246338216,
        "f1-score": 0.8942089938531219,
        "support": 1502.0
      },
      "1": {
        "precision": 0.9149539333805812,
        "recall": 0.8618157543391188,
        "f1-score": 0.8875902371949124,
        "support": 1498.0
      },
      "accuracy": 0.891,
      "macro avg": {
        "precision": 0.8923416614668797,
        "recall": 0.8909611394864703,
        "f1-score": 0.8908996155240172,
        "support": 3000.0
      },
      "weighted avg": {
        "precision": 0.8923115117709947,
        "recall": 0.891,
        "f1-score": 0.8909040280284559,
        "support": 3000.0
      }
    }
  },
  "lgbm": {
    "name": "lgbm",
    "accuracy": 0.8776666666666667,
    "precision": 0.9047959914101646,
    "recall": 0.8437917222963952,
    "f1": 0.8732297063903282,
    "roc_auc": 0.9417425630978902,
    "pr_auc": 0.9314939919301041,
    "confusion_matrix": [
      [
        1369,
        133
      ],
      [
        234,
        1264
      ]
    ],
    "classification_report": {
      "0": {
        "precision": 0.8540237055520898,
        "recall": 0.9114513981358189,
        "f1-score": 0.8818035426731079,
        "support": 1502.0
      },
      "1": {
        "precision": 0.9047959914101646,
        "recall": 0.8437917222963952,
        "f1-score": 0.8732297063903282,
        "support": 1498.0
      },
      "accuracy": 0.8776666666666667,
      "macro avg": {
        "precision": 0.8794098484811272,
        "recall": 0.877621560216107,
        "f1-score": 0.8775166245317181,
        "support": 3000.0
      },
      "weighted avg": {
        "precision": 0.8793760002905553,
        "recall": 0.8776666666666667,
        "f1-score": 0.8775223404225732,
        "support": 3000.0
      }
    }
  },
  "rf_cal": {
    "name": "rf_cal",
    "accuracy": 0.859,
    "precision": 0.8920495988329686,
    "recall": 0.8164218958611482,
    "f1": 0.8525618682467759,
    "roc_auc": 0.9368941100339734,
    "pr_auc": 0.9336531503585073,
    "confusion_matrix": [
      [
        1354,
        148
      ],
      [
        275,
        1223
      ]
    ],
    "classification_report": {
      "0": {
        "precision": 0.8311847759361571,
        "recall": 0.9014647137150466,
        "f1-score": 0.864899393165123,
        "support": 1502.0
      },
      "1": {
        "precision": 0.8920495988329686,
        "recall": 0.8164218958611482,
        "f1-score": 0.8525618682467759,
        "support": 1498.0
      },
      "accuracy": 0.859,
      "macro avg": {
        "precision": 0.8616171873845628,
        "recall": 0.8589433047880974,
        "f1-score": 0.8587306307059495,
        "support": 3000.0
      },
      "weighted avg": {
        "precision": 0.861576610835965,
        "recall": 0.859,
        "f1-score": 0.8587388557225616,
        "support": 3000.0
      }
    }
  },
  "xgb_cal": {
    "name": "xgb_cal",
    "accuracy": 0.8953333333333333,
    "precision": 0.9094052558782849,
    "recall": 0.8778371161548731,
    "f1": 0.8933423913043478,
    "roc_auc": 0.9483976860403307,
    "pr_auc": 0.9410202399663107,
    "confusion_matrix": [
      [
        1371,
        131
      ],
      [
        183,
        1315
      ]
    ],
    "classification_report": {
      "0": {
        "precision": 0.8822393822393823,
        "recall": 0.9127829560585885,
        "f1-score": 0.8972513089005235,
        "support": 1502.0
      },
      "1": {
        "precision": 0.9094052558782849,
        "recall": 0.8778371161548731,
        "f1-score": 0.8933423913043478,
        "support": 1498.0
      },
      "accuracy": 0.8953333333333333,
      "macro avg": {
        "precision": 0.8958223190588336,
        "recall": 0.8953100361067308,
        "f1-score": 0.8952968501024356,
        "support": 3000.0
      },
      "weighted avg": {
        "precision": 0.8958042084764077,
        "recall": 0.8953333333333333,
        "f1-score": 0.8952994560474997,
        "support": 3000.0
      }
    }
  },
  "lgbm_cal": {
    "name": "lgbm_cal",
    "accuracy": 0.893,
    "precision": 0.9118264520643807,
    "recall": 0.869826435246996,
    "f1": 0.8903313973351554,
    "roc_auc": 0.9492794653857163,
    "pr_auc": 0.9382838931477703,
    "confusion_matrix": [
      [
        1376,
        126
      ],
      [
        195,
        1303
      ]
    ],
    "classification_report": {
      "0": {
        "precision": 0.875875238701464,
        "recall": 0.9161118508655126,
        "f1-score": 0.8955418158151643,
        "support": 1502.0
      },
      "1": {
        "precision": 0.9118264520643807,
        "recall": 0.869826435246996,
        "f1-score": 0.8903313973351554,
        "support": 1498.0
      },
      "accuracy": 0.893,
      "macro avg": {
        "precision": 0.8938508453829224,
        "recall": 0.8929691430562543,
        "f1-score": 0.8929366065751598,
        "support": 3000.0
      },
      "weighted avg": {
        "precision": 0.893826877907347,
        "recall": 0.893,
        "f1-score": 0.89294008018748,
        "support": 3000.0
      }
    }
  },
  "autoencoder": {
    "name": "Autoencoder",
    "threshold": 1020555388413542.4,
    "accuracy": 0.4856666666666667,
    "precision": 0.2897196261682243,
    "recall": 0.02069425901201602,
    "f1": 0.038629283489096576,
    "roc_auc": 0.46655816277006723,
    "pr_auc": 0.44492204282464043,
    "confusion_matrix": [
      [
        1426,
        76
      ],
      [
        1467,
        31
      ]
    ]
  },
  "ensemble": {
    "name": "Ensemble",
    "accuracy": 0.9006666666666666,
    "precision": 0.9201680672268907,
    "recall": 0.87716955941255,
    "f1": 0.8981544771018455,
    "roc_auc": 0.9545483636415353,
    "pr_auc": 0.9480965723821615,
    "confusion_matrix": [
      [
        1388,
        114
      ],
      [
        184,
        1314
      ]
    ]
  }
}